nombre,tiempo-r1,tiempo-r2,tiempo-R 0,decisio-t 0,tiempo-R 1,decisio-t 1,tiempo-R 2,decisio-t 2,tiempo-R 3,decisio-t 3,tiempo-R 4,decisio-t 4
x,35.94659376144409,0.0,0.09075689315795898,3,0.010966300964355469,2,0.010975360870361328,3,0.009952068328857422,2
j3,39.39931058883667,0.0,0.20345616340637207,2,1.5349607467651367,2,1.4532091617584229,2,1.953495740890503,3
j4,73.68089270591736,0.0,2.5880050659179688,2,5.45231819152832,3,31.712323904037476,2
paco,48.775508642196655,0.0,16.935696363449097,3,0.3310842514038086,2,0.15059351921081543,3,0.18048334121704102,2
ROCIO,185.39041829109192,189.0343837738037,374.42480206489563,1.35819673538208,0,0,2.5865001678466797,3,1,3.8375227451324463,0,0,5.127926349639893,2,1,6.38660454750061,0,0,10.142193794250488,3,1,11.42786192893982,0,0,14.195451259613037,2,1,15.371710538864136,0,0,16.560249090194702,3,1,17.88885736465454,0,0,20.675329446792603,2,1,21.818569898605347,0,0,25.82777976989746,3,1,27.223735332489014,0,0,31.491698026657104,2,1,34.14478325843811,0,0,36.31878137588501,3,1,40.47093439102173,0,0,43.582109212875366,3,1,44.89949989318848,0,0,47.69537901878357,0,0,48.92650890350342,0,0,50.814598083496094,2,1,52.14609742164612,0,0,55.50442671775818,0,0,58.15962529182434,2,1,60.54266667366028,0,0,64.4390377998352,0,0,66.82491540908813,0,0,67.96460890769958,3,1,70.0403664112091,0,0,72.7878475189209,2,1,74.57202219963074,0,0,75.9844582080841,3,1,77.10830855369568,0,0,78.54886507987976,0,0,81.15345335006714,3,1,83.28643107414246,0,0,86.56935286521912,2,1,87.90561079978943,0,0,89.84922456741333,3,1,92.56745648384094,0,0,93.9132981300354,0,0,95.21316313743591,0,0,96.99499201774597,0,0,100.58331751823425,3,1,102.0736734867096,0,0,103.35246109962463,0,0,104.7089171409607,0,0,107.09626483917236,0,0,108.39611530303955,3,1,112.57641172409058,0,0,116.16896796226501,0,0,118.19917631149292,0,0,119.3859977722168,0,0,123.38010931015015,0,0,125.71083521842957,2,1,127.30981683731079,0,0,129.60649800300598,3,1,132.50824546813965,0,0,134.92129731178284,2,1,137.09618997573853,0,0,139.3524296283722,0,0,140.9989459514618,0,0,143.4408392906189,0,0,144.7635200023651,0,0,148.08872294425964,0,0,149.53551721572876,0,0,153.24122214317322,3,1,154.52110695838928,0,0,156.8808102607727,2,1,158.82704043388367,0,0,160.07191967964172,3,1,161.7851321697235,0,0,165.90576243400574,2,1,167.4857943058014,0,0,171.54466462135315,3,1,173.51455116271973,0,0,175.36962747573853,2,1,177.1166169643402,0,0,4.325960636138916,3,1,6.68867564201355,3,1,9.552856683731079,0,0,11.748505592346191,2,1,13.331848859786987,0,0,16.644348859786987,0,0,19.41416096687317,2,1,21.288613080978394,0,0,23.181812286376953,3,1,25.754526138305664,0,0,28.66284942626953,0,0,31.88534665107727,0,0,34.00404620170593,0,0,36.25905704498291,0,0,38.66234636306763,0,0,42.27624011039734,0,0,45.957772970199585,0,0,49.37582015991211,0,0,52.02970814704895,0,0,54.79258871078491,0,0,58.200921297073364,0,0,61.195188760757446,0,0,65.53793621063232,0,0,68.73218321800232,0,0,71.11706352233887,0,0,75.38368916511536,0,0,76.75950574874878,0,0,78.17357683181763,0,0,80.98060250282288,0,0,83.33977675437927,0,0,85.67709398269653,0,0,89.61764597892761,0,0,91.65583682060242,0,0,93.58482694625854,0,0,96.58067345619202,0,0,99.65665483474731,0,0,102.43109941482544,0,0,105.94809865951538,0,0,109.879967212677,0,0,114.23108625411987,0,0,116.22687101364136,0,0,119.76019525527954,0,0,123.4149158000946,0,0,125.4584219455719,0,0,127.04170441627502,0,0,128.53163123130798,0,0,130.26172733306885,0,0,133.30488276481628,0,0,135.49642086029053,0,0,139.58898067474365,0,0,143.70604610443115,0,0,147.54060435295105,0,0,151.82269024848938,0,0,153.33660173416138,0,0,154.9869749546051,0,0,158.66971230506897,0,0,160.76150560379028,0,0,163.24284529685974,0,0,164.43471574783325,0,0,167.44237446784973,0,0,168.70729899406433,0,0,170.08147144317627,0,0,173.1145966053009,0,0,174.32556796073914,0,0,177.76177883148193,0,0,179.2500479221344,0,0
ROCIO,185.16212368011475,185.89932584762573,371.0614495277405,0.7873177528381348,0,0,3.1559669971466064,3,1,6.188975095748901,0,0,8.817423105239868,2,1,11.599583864212036,0,0,12.897826194763184,3,1,17.009871006011963,0,0,18.037004232406616,2,1,21.9951593875885,0,0,24.761894941329956,3,1,25.856065273284912,0,0,29.561808824539185,0,0,33.77754759788513,3,1,37.06482791900635,0,0,39.48768091201782,0,0,41.18118715286255,0,0,42.41748642921448,0,0,43.90626263618469,3,1,44.93255281448364,0,0,47.9014368057251,2,1,49.48641800880432,0,0,51.684529304504395,0,0,55.32207751274109,2,1,58.929319858551025,0,0,61.329973459243774,3,1,62.432018518447876,0,0,65.54576969146729,2,1,66.54386067390442,0,0,68.05027890205383,3,1,70.83413100242615,0,0,72.852774143219,0,0,75.5205147266388,0,0,79.37084197998047,0,0,80.99026823043823,3,1,83.83529663085938,0,0,87.12149786949158,2,1,88.25712943077087,0,0,90.26499342918396,0,0,93.53864479064941,0,0,94.60732746124268,3,1,97.26667261123657,0,0,99.35286211967468,0,0,101.80864906311035,3,1,103.02330803871155,0,0,106.57020425796509,0,0,107.51763868331909,3,1,109.1957790851593,0,0,112.85928440093994,0,0,116.1034791469574,3,1,118.94706177711487,0,0,120.02503895759583,0,0,121.88840889930725,3,1,122.9750382900238,0,0,125.06658911705017,2,1,126.1137421131134,0,0,130.11296796798706,3,1,131.12058329582214,0,0,133.1214530467987,0,0,134.62457513809204,0,0,135.6930809020996,0,0,139.13037276268005,3,1,140.27522826194763,0,0,142.39156794548035,2,1,145.20330691337585,0,0,148.9064977169037,0,0,152.4509196281433,0,0,154.30598759651184,0,0,157.3172311782837,0,0,159.42692255973816,3,1,160.38357639312744,0,0,164.32157731056213,0,0,165.98114776611328,3,1,167.66722631454468,0,0,169.0273094177246,2,1,170.86166906356812,0,0,171.85505270957947,0,0,175.0103735923767,0,0,176.2079837322235,0,0,4.070994853973389,0,0,6.509753465652466,0,0,10.239569902420044,0,0,13.256953239440918,0,0,17.58104658126831,2,1,19.234256505966187,0,0,22.184174060821533,0,0,25.877578496932983,0,0,29.120789289474487,3,1,31.231111526489258,0,0,34.660253047943115,0,0,38.861334562301636,0,0,41.48433756828308,0,0,43.99253869056702,0,0,45.7676784992218,0,0,49.205915689468384,0,0,53.550803899765015,0,0,55.33121609687805,0,0,58.45491409301758,0,0,61.42333269119263,0,0,62.974316120147705,0,0,66.24822187423706,0,0,67.74619793891907,0,0,70.33375430107117,0,0,72.62175512313843,0,0,76.13100671768188,0,0,78.99327516555786,0,0,82.41457629203796,0,0,84.79051280021667,0,0,86.37388920783997,0,0,90.53099250793457,0,0,94.001948595047,0,0,97.13960480690002,0,0,99.20431208610535,0,0,101.56268239021301,0,0,103.83226275444031,0,0,105.92396545410156,0,0,110.26053380966187,0,0,112.6931402683258,0,0,114.19625163078308,0,0,116.88534736633301,0,0,119.88688898086548,0,0,123.04082608222961,0,0,126.82163333892822,0,0,130.76176691055298,0,0,133.44968557357788,0,0,137.47561526298523,0,0,140.44074845314026,0,0,142.52394223213196,0,0,145.85051083564758,0,0,148.71028447151184,0,0,152.0573754310608,0,0,153.72822904586792,0,0,155.81200313568115,0,0,157.4296555519104,0,0,158.50505709648132,0,0,160.9455726146698,0,0,162.9815273284912,0,0,165.91543292999268,0,0,167.33179664611816,0,0,170.9629123210907,0,0,174.71901726722717,0,0,176.9941840171814,0,0
Kevin,187.63036704063416,185.68874406814575,373.3191111087799,2.6325082778930664,0,0,3.469045639038086,3,1,6.85323691368103,0,0,10.520787239074707,0,0,13.61283016204834,3,1,14.417124271392822,0,0,17.390611171722412,2,1,20.631136417388916,0,0,21.431241273880005,3,1,22.77501392364502,0,0,23.72386932373047,2,1,26.255055904388428,0,0,27.04357385635376,3,1,30.854767084121704,0,0,31.658408641815186,2,1,34.90278244018555,0,0,35.77499580383301,0,0,38.11951994895935,0,0,39.22001886367798,0,0,41.39599633216858,0,0,45.53600549697876,3,1,46.428285360336304,0,0,49.16543674468994,2,1,50.1293728351593,0,0,53.9674506187439,0,0,54.87858963012695,2,1,58.27023100852966,0,0,59.19304156303406,0,0,63.041141510009766,2,1,65.41533732414246,0,0,67.45842361450195,3,1,70.18187689781189,0,0,71.03283882141113,0,0,74.71928119659424,0,0,76.44125699996948,2,1,78.83139514923096,0,0,79.76842951774597,0,0,83.70193648338318,2,1,84.58875346183777,0,0,88.04090142250061,0,0,88.97821068763733,0,0,92.35632586479187,3,1,95.01689910888672,0,0,98.90253353118896,2,1,99.78394913673401,0,0,102.9568681716919,3,1,104.73962450027466,0,0,105.56829524040222,0,0,107.1720118522644,0,0,111.09375143051147,2,1,112.6719446182251,0,0,113.5519871711731,0,0,116.742351770401,0,0,117.65532183647156,0,0,120.2747871875763,2,1,122.56771564483643,0,0,123.63583064079285,3,1,127.50804901123047,0,0,130.81405019760132,2,1,131.67498564720154,0,0,133.9361321926117,3,1,135.03603410720825,0,0,137.8045699596405,0,0,140.53132581710815,3,1,143.3035168647766,0,0,146.5725634098053,2,1,147.8324694633484,0,0,148.71245861053467,3,1,152.21561074256897,0,0,153.1316020488739,2,1,156.86996722221375,0,0,157.94538283348083,3,1,159.59309077262878,0,0,160.57135367393494,2,1,164.43218278884888,0,0,165.70375442504883,0,0,169.3750627040863,2,1,170.4980628490448,0,0,172.84398078918457,0,0,175.91971683502197,0,0,177.84211897850037,3,1,3.5434465408325195,0,0,7.101003646850586,3,1,9.830752849578857,0,0,13.53996729850769,0,0,14.989684343338013,3,1,17.396480321884155,0,0,21.570225954055786,2,1,23.2452073097229,0,0,24.857449293136597,3,1,28.21372079849243,0,0,32.02966642379761,0,0,35.49629020690918,0,0,37.66210627555847,0,0,40.04854726791382,0,0,41.493008613586426,0,0,45.48814344406128,0,0,46.87645626068115,0,0,48.81843280792236,0,0,52.95750594139099,0,0,56.329265832901,0,0,60.01935791969299,0,0,61.79033637046814,0,0,63.72463655471802,0,0,67.63329815864563,0,0,70.26032519340515,0,0,73.38176894187927,0,0,75.97742462158203,0,0,77.76656460762024,0,0,79.92647242546082,0,0,83.54563045501709,0,0,87.0807888507843,0,0,89.25401163101196,0,0,92.2782654762268,0,0,94.5445625782013,0,0,98.29565668106079,0,0,102.47587442398071,0,0,105.53346538543701,0,0,109.2849338054657,0,0,113.0169312953949,0,0,116.92638850212097,0,0,120.67938995361328,0,0,122.850088596344,0,0,126.9975757598877,0,0,130.63222241401672,0,0,134.74825739860535,0,0,138.08188915252686,0,0,141.4564244747162,0,0,143.1885416507721,0,0,146.14559674263,0,0,147.86318922042847,0,0,150.99013900756836,0,0,154.55887246131897,0,0,157.36342883110046,0,0,159.22845911979675,0,0,161.55158615112305,0,0,162.41035652160645,0,0,165.35796880722046,0,0,166.18534779548645,0,0,167.50508761405945,0,0,168.34519410133362,0,0,171.63867712020874,0,0,175.08746337890625,0,0,175.99878525733948,0,0
Azucena,186.96237540245056,188.1000075340271,375.06238293647766,3.414809465408325,0,0,4.352008581161499,0,0,7.414438962936401,2,1,8.530791997909546,0,0,9.90838098526001,3,1,11.703086853027344,0,0,12.824791193008423,3,1,16.471863269805908,0,0,19.682275533676147,2,1,23.696354150772095,0,0,24.791404247283936,0,0,27.889806985855103,0,0,31.13881230354309,3,1,35.031278133392334,0,0,39.31391263008118,0,0,42.559152364730835,3,1,46.82991600036621,0,0,48.48590445518494,0,0,49.680203437805176,0,0,53.79014277458191,2,1,54.89571285247803,0,0,56.987786293029785,0,0,61.257702112197876,3,1,65.11545515060425,0,0,66.38452386856079,0,0,68.66251468658447,0,0,70.92371106147766,2,1,72.25157165527344,0,0,74.41788458824158,3,1,78.02078127861023,0,0,79.35297441482544,2,1,81.2093894481659,0,0,83.84456777572632,3,1,85.27142024040222,0,0,88.66034269332886,0,0,90.06609606742859,3,1,91.47528743743896,0,0,93.95049452781677,2,1,97.91620087623596,0,0,101.96342825889587,3,1,103.89366483688354,0,0,106.6732587814331,0,0,108.21441602706909,3,1,111.13882875442505,0,0,113.85253882408142,0,0,117.87366771697998,2,1,120.25859498977661,0,0,122.60900259017944,0,0,125.71132302284241,2,1,129.62507605552673,0,0,131.29663157463074,0,0,133.23836731910706,0,0,136.84078454971313,2,1,138.5245645046234,0,0,140.4069356918335,2,1,142.935231924057,0,0,144.28000020980835,0,0,145.97901105880737,0,0,148.62894010543823,0,0,151.57563138008118,0,0,152.41970300674438,0,0,153.95835518836975,0,0,155.3876235485077,3,1,159.0862946510315,0,0,160.17894673347473,0,0,163.42202925682068,0,0,166.05904459953308,2,1,168.4217619895935,0,0,170.5536551475525,0,0,172.2691638469696,2,1,174.08621191978455,0,0,178.333190202713,2,1,3.5616722106933594,0,0,5.161109447479248,2,1,7.853330850601196,0,0,10.797107458114624,3,1,13.660329103469849,0,0,17.459766149520874,3,1,19.825952768325806,0,0,21.201749324798584,0,0,25.40399193763733,3,1,29.40743851661682,0,0,33.4192054271698,0,0,37.239736557006836,0,0,39.876793384552,0,0,41.401222467422485,0,0,44.162742614746094,0,0,46.20166015625,0,0,48.73639178276062,0,0,51.16674518585205,0,0,54.106520891189575,0,0,57.80107498168945,0,0,62.01418662071228,0,0,64.52160596847534,0,0,68.51784038543701,0,0,70.16219711303711,0,0,73.92976784706116,0,0,77.23693490028381,0,0,80.68413233757019,0,0,83.76992154121399,0,0,86.61181569099426,0,0,90.39625358581543,0,0,94.24173521995544,0,0,95.9373152256012,0,0,99.84877443313599,0,0,102.47878432273865,0,0,105.21012663841248,0,0,108.96319055557251,0,0,112.69026494026184,0,0,116.94036388397217,0,0,120.11375379562378,0,0,122.47921466827393,0,0,126.10448861122131,0,0,128.08311581611633,0,0,130.50263452529907,0,0,133.08091378211975,0,0,136.20929622650146,0,0,138.54123258590698,0,0,141.86365294456482,0,0,144.69000053405762,0,0,148.93310856819153,0,0,151.44673442840576,0,0,155.80206441879272,0,0,157.5150330066681,0,0,161.31933307647705,0,0,163.62162733078003,0,0,164.70902967453003,0,0,168.9140350818634,0,0,171.8372552394867,0,0,172.91544318199158,0,0,174.69991636276245,0,0,175.9705846309662,0,0,177.64410138130188,0,0,178.58643794059753,0,0
Regina,186.3345823287964,185.5013017654419,371.8358840942383,2.825996160507202,0,0,3.924905776977539,0,0,7.498253345489502,2,1,8.617233753204346,0,0,11.979784965515137,0,0,16.052474975585938,0,0,17.36315894126892,0,0,18.346737146377563,0,0,20.370144605636597,0,0,21.40667963027954,3,1,23.46780228614807,0,0,26.58738660812378,2,1,27.689877033233643,0,0,31.469581842422485,2,1,34.16011095046997,0,0,35.610716819763184,0,0,39.11480784416199,2,1,40.25887656211853,0,0,43.294387102127075,0,0,47.14545154571533,0,0,50.39631152153015,0,0,51.65325736999512,0,0,54.121052980422974,0,0,55.33848309516907,3,1,57.62987804412842,0,0,60.09303283691406,3,1,61.37830710411072,0,0,65.28236365318298,0,0,66.30934405326843,0,0,67.70624566078186,0,0,70.3269989490509,0,0,74.03453660011292,0,0,75.66725969314575,2,1,79.27587532997131,0,0,80.42416334152222,0,0,82.21927189826965,0,0,83.51461672782898,0,0,85.86326909065247,0,0,88.65872311592102,2,1,92.80831527709961,0,0,94.99650430679321,3,1,98.20273041725159,0,0,99.28762936592102,3,1,100.95463514328003,0,0,103.9660894870758,0,0,108.21671891212463,0,0,111.78818464279175,2,1,115.62699580192566,0,0,119.0597734451294,3,1,120.18751883506775,0,0,123.86135339736938,0,0,125.35997414588928,2,1,126.80059480667114,0,0,131.02460289001465,3,1,132.7551805973053,0,0,135.80179929733276,0,0,137.5217728614807,0,0,140.36923789978027,2,1,142.05662941932678,0,0,144.5387625694275,0,0,148.1149845123291,0,0,149.5010323524475,0,0,153.18870639801025,3,1,154.4761085510254,0,0,157.79648542404175,0,0,159.21726822853088,2,1,161.76235365867615,0,0,164.29402232170105,3,1,165.79185152053833,0,0,169.12031769752502,0,0,171.13050484657288,0,0,173.81146121025085,2,1,174.67614793777466,0,0,176.3179280757904,3,1,2.856872081756592,0,0,6.110589265823364,3,1,9.262701034545898,0,0,11.504860401153564,2,1,13.583209753036499,0,0,16.106895685195923,0,0,18.181766033172607,0,0,21.034348487854004,0,0,22.9800021648407,2,1,25.626383543014526,0,0,28.85912585258484,0,0,30.307146310806274,0,0,33.62622666358948,0,0,36.87438607215881,0,0,39.54370069503784,0,0,41.979193449020386,0,0,45.4310142993927,0,0,49.76241755485535,0,0,51.99837279319763,0,0,53.791335344314575,0,0,56.65952754020691,0,0,60.11783576011658,0,0,62.308433055877686,0,0,64.86678671836853,0,0,66.9432692527771,0,0,70.32047653198242,0,0,72.36898612976074,0,0,75.58887195587158,0,0,79.28257417678833,0,0,83.22652196884155,0,0,86.25798487663269,0,0,88.46579599380493,0,0,91.26993346214294,0,0,94.24320888519287,0,0,98.31582355499268,0,0,101.75155210494995,0,0,106.02781271934509,0,0,108.80697679519653,0,0,110.38008117675781,0,0,112.97913026809692,0,0,115.1286449432373,0,0,118.38176608085632,0,0,122.32857584953308,0,0,126.52705478668213,0,0,129.26806569099426,0,0,130.73179388046265,0,0,133.0253610610962,0,0,134.66134333610535,0,0,136.71996665000916,0,0,140.38204288482666,0,0,143.4490065574646,0,0,147.35823678970337,0,0,149.34296703338623,0,0,152.66619300842285,0,0,154.21277284622192,0,0,156.89874291419983,0,0,158.15069961547852,0,0,159.14395761489868,0,0,161.14559769630432,0,0,163.99161028862,0,0,168.01481127738953,0,0,170.68556880950928,0,0,171.7186517715454,0,0,174.16889095306396,0,0,175.2028112411499,0,0
Teresa,187.56160736083984,185.46155548095703,373.0231628417969,3.9511947631835938,0,0,6.6954615116119385,0,0,8.288315534591675,0,0,9.959547519683838,0,0,12.687480449676514,2,1,14.675948143005371,0,0,18.501399755477905,0,0,19.81865382194519,0,0,22.56032705307007,0,0,24.322343111038208,3,1,28.045408964157104,0,0,29.919931411743164,2,1,31.069485902786255,0,0,33.440842628479004,2,1,36.26470398902893,0,0,37.82937932014465,3,1,40.10475754737854,0,0,43.734649658203125,0,0,46.17491626739502,0,0,47.790929555892944,0,0,49.52118754386902,0,0,50.883707761764526,0,0,54.712244510650635,0,0,55.97173595428467,2,1,58.50550413131714,0,0,60.349082469940186,3,1,63.96184229850769,0,0,66.64057064056396,0,0,68.53618454933167,2,1,69.64954090118408,0,0,71.75340032577515,3,1,73.18054938316345,0,0,76.7291784286499,0,0,80.92500042915344,2,1,83.28230404853821,0,0,84.14070725440979,0,0,87.22410035133362,0,0,88.34456300735474,0,0,90.76941728591919,0,0,92.54122924804688,2,1,96.15676379203796,0,0,99.88785314559937,3,1,103.57551002502441,0,0,104.86458086967468,0,0,107.37338829040527,0,0,109.4098732471466,3,1,111.25678157806396,0,0,112.80825901031494,2,1,114.12087202072144,0,0,115.55720496177673,0,0,118.2427339553833,0,0,119.38273525238037,3,1,120.56827187538147,0,0,121.88358926773071,2,1,125.43453407287598,0,0,127.77819800376892,3,1,130.0187611579895,0,0,132.33172845840454,2,1,136.59519362449646,0,0,140.70215821266174,0,0,142.84974765777588,0,0,144.17516684532166,3,1,146.1208791732788,0,0,147.70846438407898,0,0,149.01458835601807,2,1,150.48442363739014,0,0,152.03490233421326,0,0,153.6828842163086,0,0,157.00223207473755,0,0,159.7955732345581,3,1,163.17291975021362,0,0,165.4011263847351,2,1,167.32803440093994,0,0,171.16616344451904,3,1,174.9256727695465,0,0,178.7713978290558,0,0,1.3593952655792236,0,0,4.434401750564575,3,1,5.92936897277832,0,0,9.442599296569824,0,0,13.800566673278809,0,0,16.3333899974823,0,0,20.567674160003662,3,1,24.812007188796997,0,0,27.88559651374817,0,0,32.183213233947754,0,0,35.49010872840881,0,0,37.57550644874573,0,0,40.757460594177246,0,0,43.20488715171814,0,0,46.975863456726074,0,0,48.408982038497925,0,0,52.33089208602905,0,0,56.55775499343872,0,0,59.92961668968201,0,0,63.01822829246521,0,0,64.6565330028534,0,0,67.09479188919067,0,0,69.41757869720459,0,0,72.90585565567017,0,0,75.2908546924591,0,0,77.23944878578186,0,0,80.26411128044128,0,0,82.89891505241394,0,0,86.43185353279114,0,0,87.9152421951294,0,0,92.03324007987976,0,0,94.19862365722656,0,0,97.2577862739563,0,0,99.33033347129822,0,0,102.94931554794312,0,0,104.3679130077362,0,0,106.25779223442078,0,0,110.06041979789734,0,0,111.52930307388306,0,0,114.10628747940063,0,0,117.30813407897949,0,0,119.55546450614929,0,0,123.83966875076294,0,0,125.30374312400818,0,0,128.82280707359314,0,0,130.26518273353577,0,0,134.05039525032043,0,0,136.72653794288635,0,0,138.85251116752625,0,0,140.43952465057373,0,0,144.07067847251892,0,0,146.73994374275208,0,0,148.10879182815552,0,0,152.0197422504425,0,0,155.23215460777283,0,0,158.14701223373413,0,0,159.31864070892334,0,0,162.4262261390686,0,0,166.63411903381348,0,0,170.46826672554016,0,0,173.79790043830872,0,0,175.36934733390808,0,0
Agustín,187.0425136089325,185.9325568675995,372.975070476532,4.129218101501465,0,0,8.201583862304688,0,0,9.508216857910156,0,0,10.587787628173828,3,1,13.32364559173584,0,0,15.03166389465332,3,1,19.19464373588562,0,0,21.18999195098877,0,0,24.861966371536255,0,0,26.303054332733154,2,1,27.920811414718628,0,0,30.715866088867188,2,1,34.14780640602112,0,0,36.140486001968384,0,0,38.46836447715759,0,0,39.81273698806763,3,1,40.94954991340637,0,0,45.31580400466919,0,0,47.27811670303345,3,1,49.13510036468506,0,0,51.965285301208496,3,1,55.19989371299744,0,0,56.73416757583618,0,0,59.91449999809265,0,0,61.63238263130188,2,1,62.956788778305054,0,0,66.82691884040833,0,0,68.44924759864807,0,0,70.01126194000244,3,1,72.69648361206055,0,0,76.59518575668335,2,1,78.94693303108215,0,0,81.17040538787842,3,1,85.04342079162598,0,0,86.3407826423645,0,0,88.39216589927673,2,1,89.53645706176758,0,0,93.43095088005066,3,1,94.78138160705566,0,0,98.92237067222595,2,1,100.97624182701111,0,0,102.15498948097229,0,0,103.4183132648468,3,1,104.71004605293274,0,0,108.82034921646118,0,0,111.39964318275452,3,1,113.04413390159607,0,0,115.28308916091919,0,0,117.65846681594849,2,1,119.49749255180359,0,0,122.31562781333923,0,0,125.69097113609314,2,1,127.15659499168396,0,0,128.74689745903015,0,0,132.6109220981598,0,0,133.83615231513977,0,0,135.43512964248657,0,0,136.87738347053528,3,1,138.25909614562988,0,0,142.51683902740479,0,0,146.2820439338684,3,1,149.9845495223999,0,0,151.80304765701294,2,1,154.8174946308136,0,0,156.13195395469666,0,0,159.15228414535522,0,0,162.7914137840271,2,1,164.94992470741272,0,0,166.60051155090332,0,0,169.86100721359253,0,0,171.40075135231018,3,1,173.85405087471008,0,0,176.33183073997498,0,0,2.228060245513916,0,0,5.536829710006714,3,1,8.648685693740845,0,0,10.890169620513916,0,0,14.582892179489136,0,0,17.607940673828125,2,1,21.891132593154907,0,0,25.70678400993347,3,1,28.277056217193604,0,0,30.605020761489868,2,1,33.33349061012268,0,0,35.84619092941284,0,0,38.7389121055603,0,0,40.954487562179565,0,0,44.95649719238281,0,0,48.73122692108154,0,0,52.289067029953,0,0,55.60302996635437,0,0,59.489986419677734,0,0,63.7440459728241,0,0,66.49743413925171,0,0,70.22121834754944,0,0,72.74273133277893,0,0,74.82535696029663,0,0,78.7545108795166,0,0,80.94056606292725,0,0,83.76050138473511,0,0,86.45643877983093,0,0,88.94439482688904,0,0,91.56216049194336,0,0,93.11557269096375,0,0,96.15977621078491,0,0,100.36567687988281,0,0,103.77965641021729,0,0,107.54475331306458,0,0,108.98951578140259,0,0,111.41288042068481,0,0,113.01432013511658,0,0,114.65666317939758,0,0,118.88473391532898,0,0,122.57567310333252,0,0,124.30091166496277,0,0,127.12094306945801,0,0,129.36956119537354,0,0,132.0479657649994,0,0,135.8668704032898,0,0,139.7822937965393,0,0,141.66568565368652,0,0,146.00624132156372,0,0,149.73382472991943,0,0,152.08920693397522,0,0,155.87146067619324,0,0,157.57670950889587,0,0,159.3180832862854,0,0,162.38014698028564,0,0,165.5845422744751,0,0,166.6050112247467,0,0,170.45961380004883,0,0,171.6899037361145,0,0,173.18566823005676,0,0,174.80343174934387,0,0,176.58453011512756,0,0,177.60608196258545,0,0
José,185.07605743408203,188.7641842365265,373.8402416706085,1.1142001152038574,0,0,4.699842214584351,0,0,5.833369970321655,0,0,10.146606206893921,0,0,14.339906454086304,0,0,18.263113021850586,2,1,22.282100439071655,0,0,23.791411638259888,3,1,25.982049465179443,0,0,29.373181343078613,0,0,30.819988250732422,0,0,32.61323666572571,0,0,34.03731679916382,0,0,37.745004415512085,0,0,41.72403407096863,0,0,42.77084755897522,2,1,44.6148157119751,0,0,46.72498083114624,0,0,47.99531936645508,0,0,48.993664026260376,2,1,50.733346700668335,0,0,52.36409640312195,0,0,55.23541045188904,0,0,56.10805797576904,3,1,59.308711528778076,0,0,62.234031438827515,0,0,64.15001940727234,2,1,67.56293368339539,0,0,68.46916818618774,0,0,72.17157864570618,2,1,73.19111132621765,0,0,75.3841655254364,3,1,77.19744610786438,0,0,78.13705849647522,2,1,79.5227038860321,0,0,80.42714357376099,3,1,83.63524007797241,0,0,85.18707156181335,2,1,86.2259304523468,0,0,87.93002438545227,3,1,88.99003505706787,0,0,91.22807693481445,0,0,92.21069145202637,2,1,95.19820070266724,0,0,96.17156434059143,3,1,99.46193623542786,0,0,100.57034254074097,0,0,102.05503797531128,2,1,103.52386116981506,0,0,107.75902509689331,3,1,111.43062567710876,0,0,112.55264258384705,0,0,115.88351082801819,0,0,118.1658546924591,0,0,119.14321899414062,2,1,122.00135970115662,0,0,126.03998017311096,3,1,127.8667323589325,0,0,129.2461576461792,2,1,133.03049159049988,0,0,136.38053965568542,0,0,140.39783906936646,0,0,141.49613523483276,2,1,144.19349193572998,0,0,147.68114590644836,0,0,149.74026226997375,2,1,151.89634799957275,0,0,155.24035739898682,3,1,156.6808145046234,0,0,160.41416263580322,0,0,162.2329969406128,3,1,165.0430018901825,0,0,166.28624415397644,0,0,167.8311426639557,0,0,171.5023078918457,0,0,174.71195650100708,3,1,176.88005828857422,0,0,3.9220967292785645,2,1,6.730282306671143,0,0,8.765690088272095,2,1,12.127033710479736,0,0,16.050469636917114,0,0,18.853896617889404,0,0,20.83237314224243,0,0,23.370596647262573,0,0,26.53687572479248,0,0,30.442756414413452,3,1,34.57231879234314,0,0,38.02316379547119,0,0,40.81907916069031,0,0,42.37820267677307,0,0,45.06762909889221,0,0,46.65187215805054,0,0,48.04066276550293,0,0,52.38013696670532,0,0,55.78697490692139,0,0,59.29159617424011,0,0,62.01712608337402,0,0,65.00541830062866,0,0,68.53951859474182,0,0,71.78048086166382,0,0,74.90984392166138,0,0,78.07052612304688,0,0,81.65669918060303,0,0,84.31126928329468,0,0,87.35239052772522,0,0,91.07388067245483,0,0,93.04444718360901,0,0,95.41712045669556,0,0,97.28662848472595,0,0,99.61086249351501,0,0,102.3801212310791,0,0,105.21024584770203,0,0,108.17069911956787,0,0,112.38190269470215,0,0,116.05340909957886,0,0,118.67579889297485,0,0,123.02105689048767,0,0,126.68632388114929,0,0,128.95886945724487,0,0,131.17541408538818,0,0,133.5996458530426,0,0,136.15641260147095,0,0,139.0453953742981,0,0,141.1393482685089,0,0,144.2223253250122,0,0,146.72207474708557,0,0,150.0743956565857,0,0,152.4087381362915,0,0,154.4573094844818,0,0,156.9415853023529,0,0,157.82376217842102,0,0,161.38819646835327,0,0,165.3726236820221,0,0,167.74102973937988,0,0,170.75646662712097,0,0,173.7073676586151,0,0,176.47594547271729,0,0,177.50752234458923,0,0,180.9409670829773,0,0
Claudia,185.26228165626526,187.32795691490173,372.590238571167,3.199359178543091,0,0,5.76480770111084,3,1,6.708645343780518,0,0,8.350871562957764,0,0,9.346575498580933,2,1,13.601866483688354,0,0,15.158541202545166,3,1,18.669312000274658,0,0,19.571174383163452,2,1,21.006297826766968,0,0,22.00627613067627,3,1,25.303736925125122,0,0,26.21375060081482,0,0,27.422466039657593,0,0,28.424193859100342,2,1,29.89397406578064,0,0,31.041295051574707,3,1,33.74054670333862,0,0,36.43835473060608,2,1,37.436885595321655,0,0,39.006635665893555,3,1,40.220677614212036,0,0,42.967933654785156,0,0,46.61557340621948,0,0,47.64593815803528,2,1,49.234858989715576,0,0,50.8225998878479,3,1,51.82553672790527,0,0,55.25368547439575,2,1,56.33460736274719,0,0,58.08762502670288,3,1,60.83047080039978,0,0,61.718825817108154,0,0,65.67907476425171,0,0,66.76125931739807,0,0,70.08519339561462,0,0,74.1188063621521,2,1,77.36087083816528,0,0,80.95925664901733,3,1,88.10995078086853,0,0,91.91105031967163,3,1,93.15265583992004,0,0,96.29398655891418,0,0,97.79192113876343,0,0,100.30310010910034,0,0,103.87838983535767,3,1,106.54168748855591,0,0,108.53463315963745,2,1,111.00815010070801,0,0,112.49765157699585,0,0,116.1272623538971,2,1,117.24181127548218,0,0,120.08829283714294,3,1,121.41894626617432,0,0,122.81651091575623,0,0,123.9315254688263,3,1,126.25602221488953,0,0,129.27980303764343,0,0,131.2397871017456,3,1,132.46627616882324,0,0,134.88827514648438,2,1,136.0988473892212,0,0,139.0490288734436,0,0,140.42296838760376,2,1,143.6146342754364,0,0,144.73977828025818,3,1,146.40595197677612,0,0,148.06882691383362,2,1,151.12047052383423,0,0,152.67583537101746,3,1,155.91284322738647,0,0,157.39390420913696,2,1,159.9045717716217,0,0,161.2542462348938,0,0,165.29536628723145,0,0,167.06692576408386,3,1,170.4348065853119,0,0,174.4637644290924,2,1,176.19340634346008,0,0,3.867316722869873,0,0,6.5931618213653564,0,0,8.321035623550415,2,1,11.761902570724487,0,0,14.557948350906372,0,0,18.885302782058716,0,0,20.421331882476807,3,1,24.313209772109985,0,0,28.190916538238525,0,0,29.743244171142578,3,1,32.129234075546265,0,0,34.18731927871704,0,0,36.34050011634827,0,0,39.896238803863525,0,0,43.74746489524841,0,0,47.18336486816406,0,0,49.71467638015747,0,0,52.55644750595093,0,0,55.39352226257324,0,0,56.881574392318726,0,0,59.34226584434509,0,0,62.53277564048767,0,0,65.83249473571777,0,0,67.97135901451111,0,0,72.32328867912292,0,0,75.46972751617432,0,0,77.80553412437439,0,0,81.18228483200073,0,0,84.93915295600891,0,0,87.3591411113739,0,0,91.12627840042114,0,0,93.58799266815186,0,0,96.6898295879364,0,0,100.65266680717468,0,0,102.0323429107666,0,0,105.07839488983154,0,0,106.52291083335876,0,0,108.13698983192444,0,0,109.5710654258728,0,0,112.60821795463562,0,0,115.46089744567871,0,0,119.73725128173828,0,0,122.54368281364441,0,0,125.3849515914917,0,0,128.24280643463135,0,0,131.7406768798828,0,0,134.59525227546692,0,0,136.83076643943787,0,0,138.38495182991028,0,0,142.27223324775696,0,0,144.86539554595947,0,0,148.52003741264343,0,0,151.54523086547852,0,0,153.82380032539368,0,0,156.48828053474426,0,0,157.84963607788086,0,0,158.8493115901947,0,0,161.77610206604004,0,0,163.56108713150024,0,0,164.54651546478271,0,0,168.8407700061798,0,0,173.05992913246155,0,0,175.21529030799866,0,0,176.33399033546448,0,0,179.04108452796936,0,0
Emmanuel,187.18990015983582,187.18747758865356,374.3773777484894,2.626008987426758,0,0,5.834711074829102,2,1,8.422038555145264,0,0,10.138088941574097,3,1,11.501457452774048,0,0,13.16448974609375,2,1,15.539105653762817,0,0,17.255379915237427,0,0,20.614569425582886,3,1,23.855079889297485,0,0,26.38036561012268,0,0,28.584537506103516,0,0,30.490013360977173,0,0,34.72889852523804,0,0,36.462177991867065,2,1,37.90869617462158,0,0,39.932894229888916,0,0,41.35186314582825,2,1,43.38906168937683,0,0,45.46899652481079,3,1,47.46431517601013,0,0,50.20396184921265,2,1,51.646148443222046,0,0,54.18516683578491,3,1,55.62106442451477,0,0,58.42167401313782,3,1,61.85087585449219,0,0,63.7084903717041,0,0,67.2240822315216,3,1,70.72327089309692,0,0,73.6674690246582,0,0,75.45378613471985,0,0,78.60098910331726,0,0,80.95509696006775,0,0,83.99680542945862,2,1,86.63920092582703,0,0,89.75362348556519,0,0,92.97332262992859,3,1,95.26514077186584,0,0,99.56691122055054,0,0,102.60133385658264,0,0,104.86962628364563,2,1,106.29063987731934,0,0,108.46969413757324,0,0,110.35412073135376,2,1,112.88957524299622,0,0,116.77400708198547,0,0,118.80815052986145,3,1,120.7819550037384,0,0,123.00272798538208,0,0,126.98166513442993,0,0,128.70736145973206,0,0,132.5092272758484,3,1,133.91049218177795,0,0,137.05367612838745,0,0,139.05624628067017,3,1,140.43523359298706,0,0,142.06937336921692,0,0,144.15956926345825,0,0,148.04856252670288,0,0,152.2443609237671,0,0,155.60617017745972,2,1,159.34075140953064,0,0,162.90163564682007,0,0,164.5282301902771,0,0,168.50699520111084,3,1,170.4209611415863,0,0,171.8170018196106,0,0,174.0459759235382,0,0,175.01333141326904,0,0,177.852721452713,2,1,178.92576003074646,0,0,2.9069759845733643,0,0,5.90013313293457,3,1,7.695361137390137,0,0,9.584714651107788,0,0,11.87226414680481,3,1,13.518620014190674,0,0,15.6454336643219,3,1,17.16695237159729,0,0,21.12288546562195,2,1,22.569047451019287,0,0,25.879029750823975,0,0,29.32381796836853,0,0,33.44178581237793,0,0,37.18915915489197,0,0,39.9935564994812,0,0,43.83120393753052,0,0,45.69976282119751,0,0,47.629746437072754,0,0,50.08743190765381,0,0,53.55853223800659,0,0,56.395875692367554,0,0,60.69085168838501,0,0,63.434903621673584,0,0,65.7675473690033,0,0,68.22957491874695,0,0,70.85647201538086,0,0,73.34306955337524,0,0,77.01225447654724,0,0,79.08712100982666,0,0,81.32931184768677,0,0,84.12085294723511,0,0,87.00279903411865,0,0,91.14742517471313,0,0,94.92797756195068,0,0,98.55185031890869,0,0,101.75400495529175,0,0,106.01590824127197,0,0,110.26991701126099,0,0,112.02021765708923,0,0,116.09086418151855,0,0,117.5439224243164,0,0,120.29446220397949,0,0,122.84756422042847,0,0,126.26008772850037,0,0,128.4048137664795,0,0,131.9548213481903,0,0,134.55424237251282,0,0,136.70219111442566,0,0,140.22258257865906,0,0,142.3304798603058,0,0,146.64581441879272,0,0,149.3212537765503,0,0,152.9201774597168,0,0,154.7204258441925,0,0,156.5514178276062,0,0,159.41638207435608,0,0,162.51743936538696,0,0,163.92806768417358,0,0,167.52854895591736,0,0,171.88212943077087,0,0,175.08830761909485,0,0,177.35385489463806,0,0
Sergio,185.32901334762573,188.81944727897644,374.1484606266022,0.7791299819946289,0,0,4.572686433792114,0,0,5.38338041305542,3,1,9.38817548751831,0,0,10.185798168182373,0,0,11.723880529403687,0,0,13.713661909103394,3,1,17.115274667739868,0,0,19.936335802078247,0,0,21.90787696838379,2,1,22.70060634613037,0,0,25.80354881286621,2,1,26.621894359588623,0,0,30.475288152694702,3,1,31.446537733078003,0,0,33.05580925941467,3,1,36.38631343841553,0,0,37.17814779281616,3,1,39.55027675628662,0,0,43.369802474975586,0,0,46.41113805770874,0,0,47.20208287239075,0,0,49.12902307510376,0,0,49.929957151412964,0,0,52.26818609237671,2,1,53.90136694908142,0,0,57.01178503036499,0,0,57.83123826980591,3,1,60.521764516830444,0,0,61.35904884338379,0,0,64.45874118804932,0,0,66.11385774612427,2,1,69.74786376953125,0,0,72.51491260528564,0,0,75.94798803329468,0,0,78.31410074234009,3,1,79.15878391265869,0,0,82.94785833358765,0,0,83.82763457298279,0,0,85.77176427841187,3,1,87.60635638237,0,0,90.3236072063446,3,1,92.07095146179199,0,0,94.25121212005615,2,1,98.34110498428345,0,0,102.05162572860718,2,1,103.77355194091797,0,0,107.07712292671204,0,0,110.25034642219543,3,1,113.13777756690979,0,0,113.9408392906189,0,0,115.72036480903625,0,0,118.67186260223389,2,1,120.00342345237732,0,0,120.81327605247498,2,1,122.21401047706604,0,0,124.07559132575989,3,1,125.00588202476501,0,0,126.6320219039917,2,1,130.50088763237,0,0,133.50562191009521,2,1,137.83807039260864,0,0,141.1572709083557,0,0,143.97201204299927,0,0,144.90796637535095,2,1,146.46770429611206,0,0,147.25945830345154,0,0,148.62040877342224,2,1,149.55983996391296,0,0,153.36238813400269,2,1,154.14958119392395,0,0,156.53724551200867,3,1,157.49975895881653,0,0,160.9265215396881,3,1,163.64280796051025,0,0,164.66857075691223,3,1,167.17746901512146,0,0,169.22293782234192,3,1,171.1944227218628,0,0,172.03104782104492,3,1,174.80628514289856,0,0,4.037749767303467,0,0,8.00795316696167,2,1,9.517658710479736,0,0,11.244226932525635,0,0,13.037864685058594,0,0,16.730725288391113,0,0,19.81414794921875,3,1,22.27681016921997,0,0,24.63348913192749,0,0,26.469637870788574,3,1,30.026342153549194,0,0,32.69962167739868,0,0,34.60466694831848,0,0,38.19286298751831,0,0,40.566884994506836,0,0,42.50206136703491,0,0,45.406689405441284,0,0,46.97454380989075,0,0,51.25877809524536,0,0,54.60307788848877,0,0,56.829994440078735,0,0,58.2156503200531,0,0,62.193920612335205,0,0,64.57168388366699,0,0,67.31816029548645,0,0,69.98712062835693,0,0,71.45811033248901,0,0,73.75899815559387,0,0,77.88452625274658,0,0,79.9496796131134,0,0,83.26117968559265,0,0,85.0276050567627,0,0,87.03681993484497,0,0,89.19891452789307,0,0,93.43367171287537,0,0,95.5698664188385,0,0,97.66347527503967,0,0,99.44094252586365,0,0,101.3018102645874,0,0,104.8210608959198,0,0,107.8786416053772,0,0,111.86163973808289,0,0,115.49924731254578,0,0,118.44619989395142,0,0,122.30135750770569,0,0,124.31640839576721,0,0,126.79384732246399,0,0,129.402756690979,0,0,130.84218788146973,0,0,133.12259149551392,0,0,135.96677899360657,0,0,139.14108204841614,0,0,141.54244089126587,0,0,145.5314016342163,0,0,147.86552357673645,0,0,149.98098158836365,0,0,153.4358856678009,0,0,156.74440622329712,0,0,157.5736117362976,0,0,160.35573649406433,0,0,164.4726119041443,0,0,165.32087302207947,0,0,169.3052589893341,0,0,171.56526064872742,0,0,174.8117265701294,0,0,178.77460169792175,0,0,179.58532667160034,0,0
Montse,186.0160253047943,185.61957049369812,371.63559579849243,2.0738070011138916,0,0,4.382513523101807,2,1,5.5681421756744385,0,0,9.166709423065186,2,1,10.739924669265747,0,0,14.756873846054077,2,1,19.016522884368896,0,0,20.808483839035034,0,0,23.02319097518921,2,1,26.917895317077637,0,0,29.21892261505127,0,0,32.44066786766052,0,0,33.71004390716553,0,0,36.21122980117798,0,0,38.15966606140137,0,0,40.07211661338806,0,0,44.13502883911133,2,1,45.32845997810364,0,0,47.391056060791016,2,1,48.677457094192505,0,0,52.373390436172485,0,0,54.99156737327576,2,1,56.33340382575989,0,0,58.672107219696045,0,0,61.703481912612915,0,0,63.5515615940094,0,0,65.7932960987091,0,0,67.13160347938538,2,1,68.87862944602966,0,0,72.9099793434143,0,0,74.4712553024292,2,1,76.13839030265808,0,0,78.9924590587616,2,1,80.12902998924255,0,0,83.68033862113953,2,1,84.79570460319519,0,0,87.92218160629272,2,1,89.88747763633728,0,0,91.02118706703186,0,0,93.9945912361145,2,1,97.59967160224915,0,0,98.51588082313538,0,0,99.9799451828003,2,1,102.66523885726929,0,0,103.75116539001465,0,0,105.42518138885498,2,1,106.67579340934753,0,0,108.62598371505737,2,1,109.97643947601318,0,0,113.7445297241211,0,0,114.77018022537231,0,0,117.21909832954407,0,0,119.93609142303467,0,0,121.02586674690247,2,1,124.52082657814026,0,0,127.31026411056519,2,1,128.71136331558228,0,0,132.7553346157074,0,0,134.7922739982605,2,1,135.91926264762878,0,0,137.68402314186096,0,0,141.34523844718933,2,1,142.47821807861328,0,0,144.19387531280518,2,1,145.4380648136139,0,0,146.87763357162476,0,0,150.7114622592926,0,0,152.42960357666016,0,0,156.3281397819519,2,1,160.26867842674255,0,0,162.76944279670715,0,0,164.92998385429382,0,0,166.05457067489624,0,0,167.95295476913452,0,0,169.5610156059265,0,0,170.61682605743408,0,0,173.94515752792358,2,1,174.81056427955627,0,0,176.4891209602356,2,1,177.47311282157898,0,0,2.4722814559936523,2,1,5.863991975784302,0,0,8.63507604598999,0,0,12.83854365348816,2,1,14.802056550979614,0,0,18.344193696975708,2,1,21.296857118606567,0,0,23.36141061782837,2,1,26.860216856002808,0,0,28.710120677947998,0,0,31.553038358688354,0,0,33.700279235839844,0,0,37.41328263282776,0,0,39.01115274429321,0,0,41.73565673828125,0,0,43.18832755088806,0,0,44.974509716033936,0,0,49.22942900657654,0,0,52.205384969711304,0,0,54.03121209144592,0,0,57.93164324760437,0,0,59.36564064025879,0,0,60.92842936515808,0,0,63.177236557006836,0,0,67.36949229240417,0,0,71.38243007659912,0,0,74.54069805145264,0,0,78.70806169509888,0,0,81.90137600898743,0,0,83.37873220443726,0,0,84.82091665267944,0,0,86.42889761924744,0,0,90.67385697364807,0,0,93.65237236022949,0,0,95.79290246963501,0,0,98.83338451385498,0,0,102.48939824104309,0,0,104.55373287200928,0,0,108.35417580604553,0,0,111.44832181930542,0,0,113.54386711120605,0,0,116.23680567741394,0,0,120.1284568309784,0,0,121.743577003479,0,0,123.85844612121582,0,0,126.56692719459534,0,0,129.47974467277527,0,0,132.64480447769165,0,0,135.2457287311554,0,0,138.78175044059753,0,0,140.99043488502502,0,0,143.92203330993652,0,0,147.11906623840332,0,0,149.06374764442444,0,0,153.1259160041809,0,0,155.9545545578003,0,0,157.8147008419037,0,0,161.31383967399597,0,0,162.49741649627686,0,0,165.6422152519226,0,0,166.83882856369019,0,0,170.53112244606018,0,0,171.65149879455566,0,0,175.03289461135864,0,0,176.54206562042236,0,0
Marina,185.16372728347778,187.22505903244019,372.38878631591797,1.0262064933776855,0,0,3.6959891319274902,3,1,4.832298040390015,0,0,8.86064076423645,2,1,10.89395546913147,0,0,11.729779243469238,0,0,15.045104503631592,0,0,18.614524364471436,0,0,19.674466371536255,0,0,21.09009099006653,3,1,22.166216373443604,0,0,23.5226628780365,0,0,24.31274700164795,2,1,27.33023715019226,0,0,30.792417526245117,3,1,31.689309120178223,0,0,35.51998949050903,0,0,37.123050689697266,3,1,38.0444769859314,0,0,39.70244240760803,2,1,42.737305879592896,0,0,44.230002641677856,0,0,48.06096005439758,2,1,51.55455207824707,0,0,54.77756118774414,0,0,57.23801112174988,3,1,58.773417472839355,0,0,62.392515659332275,2,1,63.40796113014221,0,0,66.91499900817871,0,0,67.72387433052063,0,0,71.25886368751526,0,0,73.78029370307922,0,0,77.45232248306274,3,1,79.8996376991272,0,0,81.96703124046326,0,0,85.17733836174011,0,0,86.11469101905823,0,0,89.97158932685852,0,0,91.37815451622009,2,1,92.32636761665344,0,0,94.73455548286438,0,0,98.68224954605103,3,1,99.58320832252502,0,0,102.5015697479248,0,0,105.83972954750061,2,1,107.56438279151917,0,0,111.56083798408508,0,0,113.2190101146698,0,0,114.18282866477966,0,0,116.25945925712585,0,0,117.99223852157593,0,0,119.42082667350769,3,1,123.68857932090759,0,0,126.17837524414062,2,1,127.17188668251038,0,0,130.0106794834137,0,0,130.9732232093811,0,0,132.9843590259552,0,0,135.19504690170288,0,0,136.08375191688538,0,0,138.87059378623962,0,0,141.99273657798767,0,0,143.13667607307434,0,0,145.02712965011597,3,1,146.00362348556519,0,0,148.11334681510925,0,0,149.38799381256104,2,1,150.332857131958,0,0,153.49020552635193,0,0,154.50927710533142,3,1,156.26897430419922,0,0,159.65989422798157,2,1,160.740003824234,0,0,164.42006134986877,2,1,165.91305875778198,0,0,167.35925889015198,0,0,168.9708275794983,3,1,170.61109614372253,0,0,171.49370884895325,0,0,175.32446193695068,3,1,176.54812932014465,0,0,2.4331765174865723,2,1,5.9196765422821045,0,0,9.258220672607422,2,1,11.638829946517944,0,0,15.238373041152954,3,1,19.431679725646973,0,0,23.707879781723022,2,1,25.22541332244873,0,0,27.937074184417725,3,1,30.141735315322876,0,0,33.27553462982178,0,0,37.09610366821289,0,0,40.68991756439209,0,0,43.36123490333557,0,0,45.60646200180054,0,0,48.11332154273987,0,0,51.10724759101868,0,0,53.48206353187561,0,0,55.66645812988281,0,0,57.794418811798096,0,0,59.84154653549194,0,0,62.17820358276367,0,0,66.31643199920654,0,0,70.59182143211365,0,0,74.83694553375244,0,0,78.6181709766388,0,0,80.82065844535828,0,0,82.42590236663818,0,0,84.54741406440735,0,0,86.71724510192871,0,0,90.57719373703003,0,0,92.12542724609375,0,0,95.89498662948608,0,0,98.53462195396423,0,0,100.51634359359741,0,0,103.46415877342224,0,0,106.21820521354675,0,0,110.31390833854675,0,0,111.97387027740479,0,0,113.42001605033875,0,0,116.94142150878906,0,0,118.88924765586853,0,0,122.56864333152771,0,0,123.9945068359375,0,0,127.3820230960846,0,0,129.1147382259369,0,0,130.56338143348694,0,0,133.92340230941772,0,0,135.59823656082153,0,0,139.2285032272339,0,0,143.02769446372986,0,0,144.4334511756897,0,0,146.73690462112427,0,0,150.44434332847595,0,0,154.37364387512207,0,0,158.13334727287292,0,0,160.27022171020508,0,0,161.742280960083,0,0,163.54862141609192,0,0,164.4411656856537,0,0,166.6932451725006,0,0,167.49554014205933,0,0,170.9252645969391,0,0,171.73839378356934,0,0,174.87566328048706,0,0,175.80905389785767,0,0,177.51630210876465,0,0
Analí,186.79200553894043,186.86964058876038,373.6616461277008,3.469820022583008,0,0,5.895147085189819,0,0,9.070947885513306,3,1,10.113576173782349,0,0,14.286637306213379,2,1,15.491337299346924,0,0,18.2375750541687,0,0,19.210363149642944,3,1,21.19085192680359,0,0,22.24083638191223,2,1,25.832900285720825,0,0,28.175847053527832,0,0,29.16887378692627,2,1,32.93269443511963,0,0,36.03613090515137,0,0,38.32559061050415,0,0,39.237765312194824,3,1,41.408395767211914,0,0,45.10926055908203,0,0,46.41500473022461,3,1,47.42279076576233,0,0,51.298067569732666,0,0,54.423253774642944,3,1,55.48582148551941,0,0,58.05895781517029,0,0,59.64707660675049,0,0,62.15414357185364,0,0,64.61626553535461,0,0,65.73353552818298,2,1,69.54374861717224,0,0,70.42146563529968,0,0,73.8664972782135,0,0,76.92680358886719,3,1,77.87310671806335,0,0,81.01642608642578,2,1,82.17597579956055,0,0,86.29544067382812,3,1,90.40891027450562,0,0,91.45586347579956,0,0,92.81392645835876,3,1,93.91622304916382,0,0,97.68031525611877,2,1,98.6585898399353,0,0,102.35115957260132,0,0,104.0288634300232,2,1,106.31045532226562,0,0,107.4614007472992,3,1,110.08793091773987,0,0,114.20008158683777,0,0,118.55939674377441,0,0,121.92399477958679,0,0,123.41609597206116,3,1,124.60809993743896,0,0,128.88701057434082,0,0,132.17634105682373,3,1,133.8363733291626,0,0,137.55706810951233,0,0,139.27317428588867,0,0,140.54450178146362,2,1,143.5496392250061,0,0,147.00872778892517,0,0,150.55396819114685,0,0,151.9917721748352,3,1,154.3620045185089,0,0,156.0946705341339,0,0,157.01347589492798,3,1,160.19238877296448,0,0,161.403413772583,2,1,164.3107578754425,0,0,167.32085728645325,3,1,168.27972674369812,0,0,171.70460605621338,2,1,172.62265586853027,0,0,176.4572525024414,0,0,3.2107927799224854,0,0,4.590322494506836,3,1,8.469639301300049,0,0,10.532975912094116,2,1,12.703410148620605,0,0,14.534013271331787,3,1,16.420336723327637,0,0,18.892157077789307,0,0,22.623976945877075,3,1,24.696316719055176,0,0,26.164680242538452,0,0,29.269781589508057,0,0,33.40933704376221,0,0,36.52525997161865,0,0,38.79447269439697,0,0,40.59015893936157,0,0,44.15620040893555,0,0,46.54219961166382,0,0,48.25768208503723,0,0,50.65333390235901,0,0,54.86493492126465,0,0,57.98757529258728,0,0,60.19260239601135,0,0,62.1649968624115,0,0,63.90634226799011,0,0,67.8339364528656,0,0,70.5596706867218,0,0,72.83562564849854,0,0,76.73992609977722,0,0,79.77455163002014,0,0,81.23578214645386,0,0,84.16823410987854,0,0,86.98778772354126,0,0,91.25139856338501,0,0,93.27642917633057,0,0,95.0548734664917,0,0,96.57040452957153,0,0,97.97644186019897,0,0,100.72191762924194,0,0,102.23745512962341,0,0,105.8979971408844,0,0,108.43749713897705,0,0,110.64346694946289,0,0,113.23636722564697,0,0,114.9495964050293,0,0,116.34661674499512,0,0,119.13380837440491,0,0,120.60662531852722,0,0,123.18367862701416,0,0,125.68360090255737,0,0,127.3195207118988,0,0,128.90895438194275,0,0,130.3016757965088,0,0,134.4880976676941,0,0,137.92262363433838,0,0,139.82383632659912,0,0,143.82295989990234,0,0,147.5856957435608,0,0,151.02540564537048,0,0,153.8984444141388,0,0,155.78406763076782,0,0,159.03749990463257,0,0,161.05264472961426,0,0,162.34094953536987,0,0,163.3623366355896,0,0,167.63408136367798,0,0,169.48508477210999,0,0,170.48916387557983,0,0,173.01132369041443,0,0,174.07342267036438,0,0,176.37332582473755,0,0,177.43996214866638,0,0
Pau,185.26544213294983,185.78174233436584,371.0471844673157,3.751063346862793,0,0,4.874724388122559,2,1,8.839948177337646,0,0,11.92096209526062,3,1,12.832604885101318,0,0,16.746783018112183,0,0,18.71295189857483,0,0,20.33182978630066,2,1,22.32768726348877,0,0,23.19380283355713,0,0,26.4723219871521,3,1,27.323891639709473,0,0,31.29641318321228,0,0,32.30140042304993,3,1,34.088452100753784,0,0,34.974313497543335,0,0,37.089662075042725,0,0,38.05848789215088,0,0,40.71198105812073,2,1,42.30153203010559,0,0,43.88034796714783,3,1,46.0210497379303,0,0,48.60025501251221,0,0,49.4922776222229,3,1,52.91469359397888,0,0,53.77168321609497,3,1,56.61158585548401,0,0,59.6410448551178,3,1,60.51362419128418,0,0,64.52197813987732,0,0,65.55102896690369,3,1,68.71443057060242,0,0,69.71475410461426,2,1,71.8573112487793,0,0,72.75565886497498,0,0,76.7705397605896,3,1,77.6083357334137,0,0,79.09861063957214,0,0,81.45879673957825,3,1,85.29896140098572,0,0,86.22279834747314,0,0,89.28129363059998,0,0,93.24214434623718,3,1,94.31293821334839,0,0,98.38833808898926,3,1,100.1713342666626,0,0,101.14311480522156,2,1,104.91520667076111,0,0,105.83104252815247,3,1,109.98571133613586,0,0,113.48326754570007,2,1,114.33137822151184,0,0,117.81932735443115,0,0,118.70813727378845,3,1,121.38745665550232,0,0,122.37896752357483,2,1,125.91717195510864,0,0,129.1071262359619,0,0,130.18642926216125,0,0,134.33197927474976,0,0,135.86941766738892,0,0,138.98129534721375,3,1,141.52994298934937,0,0,145.64729261398315,3,1,147.73186826705933,0,0,148.92933177947998,2,1,151.98965716362,0,0,155.73965311050415,3,1,156.69198775291443,0,0,160.48527765274048,2,1,162.37091064453125,0,0,163.86872053146362,0,0,167.2174367904663,0,0,168.7433443069458,0,0,172.53188490867615,3,1,173.44142770767212,0,0,175.76397156715393,0,0,176.657573223114,2,1,4.098304510116577,0,0,8.30371618270874,3,1,9.965366840362549,0,0,12.044383764266968,0,0,14.010436296463013,0,0,17.84678626060486,3,1,21.556718826293945,0,0,24.38003420829773,2,1,26.411282300949097,0,0,29.501902103424072,3,1,32.71949481964111,0,0,34.28766894340515,0,0,37.43835377693176,0,0,41.62753677368164,0,0,45.3812313079834,0,0,49.08070945739746,0,0,50.76853346824646,0,0,54.32500696182251,0,0,58.2765896320343,0,0,61.14949345588684,0,0,64.51624584197998,0,0,66.80569982528687,0,0,68.55233144760132,0,0,71.98234462738037,0,0,73.76439023017883,0,0,76.5691921710968,0,0,77.99681782722473,0,0,81.15006279945374,0,0,83.18693208694458,0,0,86.51613759994507,0,0,88.02045464515686,0,0,89.79174971580505,0,0,92.92133855819702,0,0,96.95440244674683,0,0,98.33951807022095,0,0,100.1384961605072,0,0,103.6791718006134,0,0,105.92827200889587,0,0,108.37834525108337,0,0,110.66461682319641,0,0,114.06012916564941,0,0,116.3336296081543,0,0,119.94969367980957,0,0,123.01478838920593,0,0,127.22920036315918,0,0,130.9829137325287,0,0,134.9221830368042,0,0,138.4562132358551,0,0,142.13196444511414,0,0,146.50322842597961,0,0,149.57641220092773,0,0,151.62261509895325,0,0,153.05167937278748,0,0,154.9575366973877,0,0,158.11741733551025,0,0,158.9759063720703,0,0,160.49234580993652,0,0,161.37568426132202,0,0,162.91777348518372,0,0,165.09788346290588,0,0,168.93260264396667,0,0,172.86711239814758,0,0,175.43772077560425,0,0,176.2335786819458,0,0
Carlos,185.3438699245453,185.96593737602234,371.3098073005676,0.7782437801361084,0,0,5.097482681274414,3,1,7.9742655754089355,0,0,8.954120874404907,2,1,10.327056646347046,0,0,11.497922897338867,0,0,13.329347848892212,0,0,16.575430631637573,0,0,18.373941659927368,3,1,19.23715877532959,0,0,20.647855043411255,0,0,21.494433403015137,0,0,23.349677324295044,2,1,24.476052284240723,0,0,27.223483324050903,3,1,28.28231906890869,0,0,32.13555598258972,2,1,33.093496561050415,0,0,36.41135215759277,0,0,39.733879804611206,3,1,41.91971135139465,0,0,42.898273944854736,0,0,45.75889182090759,2,1,47.6076340675354,0,0,49.77508306503296,3,1,50.80783987045288,0,0,54.31399345397949,2,1,56.81489419937134,0,0,58.83097839355469,3,1,59.87427377700806,0,0,64.19462251663208,0,0,66.63199949264526,3,1,67.81812238693237,0,0,70.74192523956299,2,1,72.12401795387268,0,0,74.138099193573,3,1,76.77137541770935,0,0,78.56546998023987,0,0,80.76339197158813,3,1,84.44169044494629,0,0,86.13534617424011,2,1,87.86799931526184,0,0,89.79129076004028,0,0,90.68060946464539,2,1,93.31865000724792,0,0,94.5785961151123,3,1,98.53448724746704,0,0,100.77608704566956,0,0,101.7278094291687,0,0,105.4562120437622,0,0,106.61176419258118,0,0,109.40455794334412,0,0,111.31145000457764,0,0,112.24459981918335,0,0,114.49435567855835,2,1,115.39784717559814,0,0,116.99992799758911,3,1,118.09938049316406,0,0,119.79232478141785,0,0,123.3762936592102,3,1,124.27753138542175,0,0,126.92670011520386,0,0,127.9055814743042,0,0,129.80743932724,2,1,130.87865734100342,0,0,132.35955429077148,0,0,133.4868562221527,0,0,135.37795734405518,3,1,137.60880327224731,0,0,138.82608723640442,0,0,142.48920726776123,0,0,144.42272853851318,2,1,145.37475728988647,0,0,147.26445770263672,3,1,148.35145735740662,0,0,151.072847366333,2,1,152.09064412117004,0,0,154.54171586036682,3,1,156.67439794540405,0,0,157.9056680202484,2,1,159.04923605918884,0,0,161.8096010684967,0,0,165.8658983707428,0,0,167.87550568580627,3,1,169.7285406589508,0,0,170.96841859817505,2,1,175.1687068939209,0,0,176.72786736488342,0,0,2.747559070587158,0,0,4.12189245223999,0,0,6.35921311378479,2,1,8.515134334564209,0,0,10.075940608978271,3,1,11.968818664550781,0,0,15.94999074935913,2,1,19.534574031829834,0,0,21.980099201202393,0,0,25.054630279541016,2,1,28.993069171905518,0,0,30.967947959899902,0,0,33.00831723213196,0,0,36.18380045890808,0,0,37.75564193725586,0,0,41.31132102012634,0,0,44.149658203125,0,0,47.13251805305481,0,0,48.90462899208069,0,0,51.631484270095825,0,0,54.56820893287659,0,0,56.02522110939026,0,0,60.243462562561035,0,0,62.755489349365234,0,0,64.93979454040527,0,0,66.83186531066895,0,0,68.26489162445068,0,0,71.66902232170105,0,0,74.04275298118591,0,0,75.41550946235657,0,0,76.98611950874329,0,0,80.08127856254578,0,0,83.98401474952698,0,0,88.02453136444092,0,0,90.0502598285675,0,0,93.88387966156006,0,0,95.85290193557739,0,0,98.126296043396,0,0,101.2122106552124,0,0,103.73472189903259,0,0,106.52349710464478,0,0,109.9033477306366,0,0,112.43747806549072,0,0,115.01448464393616,0,0,118.79167628288269,0,0,120.39787673950195,0,0,124.45939946174622,0,0,128.31257438659668,0,0,131.1197783946991,0,0,132.9845097064972,0,0,136.26501393318176,0,0,139.40459275245667,0,0,143.37258768081665,0,0,146.9094958305359,0,0,149.25259685516357,0,0,151.9664821624756,0,0,155.31352043151855,0,0,159.53175497055054,0,0,161.1572458744049,0,0,162.54158854484558,0,0,165.31053566932678,0,0,167.92480611801147,0,0,168.83250331878662,0,0,171.47847938537598,0,0,172.37999367713928,0,0,174.1007707118988,0,0,175.06244277954102,0,0,176.7605447769165,0,0
Tatiana,185.30252504348755,187.96926045417786,373.2717854976654,1.8402628898620605,0,0,6.056135416030884,2,1,7.5968616008758545,0,0,9.022759914398193,0,0,12.09613037109375,0,0,15.147927045822144,3,1,17.03029727935791,0,0,19.78148627281189,3,1,23.053544759750366,0,0,24.447725296020508,2,1,28.537174463272095,0,0,31.8699734210968,0,0,35.907081604003906,0,0,37.20309400558472,0,0,41.276642084121704,2,1,42.51599383354187,0,0,46.1647686958313,0,0,49.63996195793152,0,0,52.269559144973755,3,1,54.19399952888489,0,0,57.827662229537964,0,0,59.62808346748352,0,0,61.96571183204651,3,1,63.38439679145813,0,0,66.76335000991821,3,1,68.41128540039062,0,0,72.18170619010925,0,0,73.36942076683044,0,0,75.7153160572052,0,0,76.91034126281738,2,1,80.09298706054688,0,0,81.23934578895569,0,0,82.65912556648254,2,1,83.91151237487793,0,0,85.3086588382721,3,1,87.53162264823914,0,0,90.61035084724426,0,0,92.63360786437988,0,0,94.34841728210449,0,0,96.58185076713562,0,0,97.90069675445557,0,0,100.1240656375885,2,1,101.22073364257812,0,0,103.96847248077393,3,1,106.14831972122192,0,0,107.43008184432983,2,1,109.38598871231079,0,0,112.76309180259705,3,1,114.67842507362366,0,0,116.82246375083923,2,1,118.36796641349792,0,0,120.70142221450806,3,1,122.15182089805603,0,0,125.81556701660156,2,1,127.74580764770508,0,0,131.75046396255493,0,0,133.5821406841278,0,0,137.79784274101257,0,0,141.15558457374573,0,0,142.68515014648438,3,1,144.15536785125732,0,0,147.6030719280243,2,1,150.8962161540985,0,0,154.1793704032898,0,0,157.4865198135376,0,0,158.61057567596436,3,1,162.5501263141632,0,0,164.0430724620819,0,0,166.33390188217163,2,1,167.39262461662292,0,0,169.09780859947205,0,0,172.5935685634613,3,1,175.5337278842926,0,0,176.3813796043396,0,0,3.554112434387207,0,0,7.550170660018921,0,0,11.21169400215149,2,1,14.805944442749023,0,0,17.7448513507843,0,0,21.397279977798462,0,0,24.69700598716736,3,1,26.369150161743164,0,0,28.585428476333618,0,0,31.773804426193237,0,0,35.17597413063049,0,0,38.826993465423584,0,0,40.30698609352112,0,0,42.45272994041443,0,0,44.23619604110718,0,0,47.00638961791992,0,0,51.063979148864746,0,0,52.60029911994934,0,0,55.07754969596863,0,0,58.642484188079834,0,0,61.64981651306152,0,0,64.39830470085144,0,0,67.84409618377686,0,0,71.43839597702026,0,0,73.47716069221497,0,0,76.18911528587341,0,0,79.43686389923096,0,0,82.89120697975159,0,0,85.68101024627686,0,0,88.32087302207947,0,0,92.15341520309448,0,0,94.76797461509705,0,0,96.65646624565125,0,0,100.79167985916138,0,0,103.84651231765747,0,0,105.87082052230835,0,0,109.67675185203552,0,0,111.80150294303894,0,0,113.38754796981812,0,0,116.85574531555176,0,0,120.01176619529724,0,0,124.07484745979309,0,0,126.78109502792358,0,0,130.22957158088684,0,0,133.56990909576416,0,0,135.3012375831604,0,0,137.53720784187317,0,0,140.52136898040771,0,0,142.74390172958374,0,0,144.3146710395813,0,0,148.34596705436707,0,0,152.2414948940277,0,0,153.84530687332153,0,0,156.98841857910156,0,0,160.70258784294128,0,0,163.6380615234375,0,0,165.126394033432,0,0,167.23017859458923,0,0,169.8721408843994,0,0,172.2839801311493,0,0,173.51577401161194,0,0,177.25336456298828,0,0
JULI,186.39140367507935,187.1839771270752,373.57538080215454,1.417959451675415,0,0,4.258727788925171,0,0,6.4176857471466064,3,1,9.248018980026245,0,0,11.735658168792725,3,1,13.736696481704712,0,0,15.041196346282959,0,0,18.727461576461792,2,1,20.681803703308105,0,0,23.832696199417114,2,1,25.1721293926239,0,0,29.025368690490723,2,1,29.91987109184265,0,0,33.87277555465698,0,0,37.284329652786255,3,1,39.2356333732605,0,0,41.426815032958984,0,0,45.016488552093506,0,0,46.857913970947266,0,0,48.19296622276306,2,1,49.457836389541626,0,0,52.833022356033325,2,1,54.28152132034302,0,0,55.57637286186218,2,1,59.89449715614319,0,0,64.12272715568542,2,1,66.83171367645264,0,0,70.05659055709839,2,1,71.203684091568,0,0,74.6166479587555,0,0,75.82815837860107,3,1,77.70078182220459,0,0,78.97711205482483,3,1,80.54897212982178,0,0,84.01087832450867,0,0,88.25807023048401,0,0,91.45688915252686,0,0,94.24483704566956,0,0,97.74758505821228,0,0,101.70103788375854,0,0,104.04181003570557,3,1,107.1743106842041,0,0,109.1050169467926,0,0,112.24003458023071,2,1,115.07583856582642,0,0,117.976886510849,2,1,119.21309304237366,0,0,121.56111168861389,0,0,122.85647392272949,0,0,126.90540170669556,0,0,128.16737484931946,3,1,130.74479818344116,0,0,131.80599451065063,3,1,134.6568820476532,0,0,135.97434735298157,3,1,138.5642831325531,0,0,141.95451402664185,0,0,143.47507739067078,0,0,145.4653582572937,0,0,147.07215690612793,0,0,149.99905276298523,0,0,151.91314578056335,2,1,152.96759510040283,0,0,155.3215024471283,2,1,156.6673288345337,0,0,160.35304474830627,0,0,161.66222858428955,3,1,165.75543355941772,0,0,167.10516810417175,0,0,168.2488100528717,0,0,170.03375124931335,3,1,174.96068930625916,0,0,178.16111779212952,3,1,3.9293365478515625,0,0,6.011451005935669,0,0,8.571265459060669,0,0,10.028075456619263,0,0,13.918955087661743,0,0,16.317014694213867,2,1,19.977755308151245,0,0,22.898478269577026,2,1,26.53264570236206,0,0,28.56368613243103,0,0,30.436722993850708,0,0,34.49675750732422,0,0,38.28956174850464,0,0,40.24011564254761,0,0,44.25763511657715,0,0,47.216604471206665,0,0,49.98249673843384,0,0,54.364120960235596,0,0,56.452168464660645,0,0,60.310382604599,0,0,63.755831718444824,0,0,66.3152232170105,0,0,69.1935441493988,0,0,71.24001479148865,0,0,74.92984175682068,0,0,77.55795884132385,0,0,80.23798394203186,0,0,82.33153963088989,0,0,86.05286860466003,0,0,89.99630546569824,0,0,92.724538564682,0,0,94.68424272537231,0,0,98.04528021812439,0,0,99.90614414215088,0,0,103.55201840400696,0,0,105.39548635482788,0,0,108.16399717330933,0,0,111.461110830307,0,0,114.46158838272095,0,0,117.87286758422852,0,0,120.44281244277954,0,0,123.66742777824402,0,0,126.23489785194397,0,0,130.28414392471313,0,0,132.4912769794464,0,0,135.77074933052063,0,0,137.39261627197266,0,0,139.70095777511597,0,0,142.47638297080994,0,0,145.50380396842957,0,0,148.4323492050171,0,0,151.79121375083923,0,0,153.71313643455505,0,0,157.30989813804626,0,0,160.63539171218872,0,0,162.5368754863739,0,0,163.8276116847992,0,0,165.5048472881317,0,0,167.11455988883972,0,0,170.35264921188354,0,0,172.48171401023865,0,0,174.76944708824158,0,0,177.14320611953735,0,0
1,186.60477900505066,185.19525909423828,371.80003809928894,3.0740067958831787,0,0,4.157425880432129,3,1,6.885790824890137,0,0,9.183068037033081,3,1,10.21354603767395,0,0,14.184869766235352,2,1,17.823348999023438,0,0,18.796911001205444,2,1,21.845481157302856,0,0,24.191188097000122,3,1,25.303348064422607,0,0,29.667809009552002,2,1,32.10096096992493,0,0,35.801727294921875,0,0,36.92615723609924,3,1,40.089284896850586,0,0,42.33824181556702,3,1,43.68037295341492,0,0,45.40949988365173,2,1,46.35258173942566,0,0,48.481127977371216,2,1,49.86493492126465,0,0,53.89726901054382,3,1,56.87831497192383,0,0,58.639957904815674,3,1,60.12827229499817,0,0,63.18381118774414,0,0,65.46943211555481,3,1,66.36655807495117,0,0,68.13555002212524,3,1,69.22806000709534,0,0,72.7221519947052,0,0,75.7856662273407,3,1,77.11156892776489,0,0,78.87946772575378,0,0,80.0711989402771,3,1,83.53759002685547,0,0,84.86987709999084,3,1,86.41597485542297,0,0,90.56875491142273,3,1,91.99545907974243,0,0,93.7961688041687,0,0,96.09318590164185,2,1,97.5160551071167,0,0,99.45710706710815,3,1,100.7204201221466,0,0,102.6685061454773,0,0,105.7680811882019,3,1,107.07362627983093,0,0,109.89755630493164,0,0,111.0517852306366,0,0,115.01614379882812,2,1,116.36103677749634,0,0,118.54860377311707,2,1,119.81094312667847,0,0,122.36283802986145,2,1,123.81006217002869,0,0,127.83072686195374,0,0,129.28720092773438,2,1,133.2745590209961,0,0,137.16889119148254,0,0,141.48931097984314,0,0,145.40400409698486,3,1,146.5219910144806,0,0,148.59898018836975,0,0,150.14081478118896,2,1,154.3255968093872,0,0,155.42921686172485,0,0,156.76713395118713,3,1,159.17143893241882,0,0,162.42591094970703,0,0,175.98109793663025,3,1,3.550827741622925,0,0,7.356657981872559,0,0,10.946288824081421,3,1,13.532604932785034,0,0,17.69131374359131,0,0,19.84593915939331,3,1,23.28358817100525,0,0,27.36228609085083,2,1,29.702561140060425,0,0,33.14090704917908,3,1,36.05456900596619,0,0,37.586047887802124,0,0,40.311196088790894,0,0,43.5926992893219,0,0,46.52485203742981,0,0,50.49949383735657,0,0,52.92279291152954,0,0,55.93273305892944,0,0,59.3864688873291,0,0,63.11176085472107,0,0,65.52915501594543,0,0,68.18318390846252,0,0,71.19273114204407,0,0,75.13206386566162,0,0,77.09569311141968,0,0,81.3737211227417,0,0,83.46928310394287,0,0,87.78810906410217,0,0,89.463623046875,0,0,92.56704497337341,0,0,95.73996710777283,0,0,99.42924618721008,0,0,103.79037618637085,0,0,106.1814968585968,0,0,108.64135503768921,0,0,111.14216876029968,0,0,113.34948515892029,0,0,116.6134831905365,0,0,118.67101502418518,0,0,121.23501181602478,0,0,124.70213890075684,0,0,128.92588210105896,0,0,130.72890400886536,0,0,134.73488903045654,0,0,139.18035888671875,0,0,142.07560014724731,0,0,143.27395915985107,0,0,146.59813499450684,0,0,147.6925060749054,0,0,151.50315022468567,0,0,166.58604383468628,0,0,168.61899280548096,0,0,171.46181392669678,0,0,174.66650295257568,0,0,176.24019193649292,0,0
1,186.42891693115234,185.27406001091003,371.7029769420624,2.956756114959717,0,0,5.658573150634766,3,1,6.7085280418396,0,0,10.884181022644043,0,0,14.317034244537354,2,1,18.563104152679443,0,0,19.851202964782715,2,1,23.55853295326233,0,0,24.67184281349182,0,0,27.529822826385498,3,1,30.477626085281372,0,0,31.739391088485718,0,0,35.25899004936218,0,0,36.269436836242676,3,1,37.65523886680603,0,0,39.041292905807495,0,0,41.70681715011597,0,0,45.87239217758179,0,0,48.622146129608154,0,0,50.33589005470276,2,1,52.62511396408081,0,0,56.552351236343384,0,0,58.345160245895386,0,0,59.63643980026245,0,0,61.743454933166504,3,1,64.76442503929138,0,0,68.27931189537048,0,0,69.7579231262207,2,1,71.72233414649963,0,0,75.9282660484314,0,0,79.82220911979675,3,1,80.97904515266418,0,0,83.36574697494507,2,1,84.60771417617798,0,0,88.85640287399292,2,1,90.53711891174316,0,0,91.93925595283508,3,1,93.0332100391388,0,0,96.32687711715698,2,1,97.36228895187378,0,0,99.16190385818481,3,1,100.26821994781494,0,0,103.15538287162781,0,0,104.69727993011475,0,0,105.95058417320251,2,1,108.17281317710876,0,0,109.63613796234131,0,0,110.78756523132324,0,0,113.22124481201172,2,1,117.72331380844116,0,0,120.31052374839783,0,0,123.11394882202148,0,0,124.2332763671875,0,0,128.56726717948914,0,0,132.69361400604248,0,0,137.14685010910034,0,0,140.51873517036438,3,1,144.47897791862488,0,0,145.7752058506012,2,1,149.07337975502014,0,0,152.3960268497467,3,1,156.03389477729797,0,0,157.50078701972961,0,0,160.28216290473938,2,1,161.80498671531677,0,0,163.41003012657166,2,1,167.0139718055725,0,0,168.2576310634613,0,0,172.17533898353577,0,0,175.19287610054016,2,1,177.33518886566162,0,0,1.5966529846191406,0,0,4.150408983230591,0,0,8.584264039993286,3,1,10.893768787384033,0,0,12.497972011566162,3,1,14.9984610080719,0,0,19.010782957077026,3,1,22.347311973571777,0,0,26.79874897003174,3,1,28.429980993270874,0,0,32.484588861465454,0,0,34.91689395904541,0,0,38.716590881347656,0,0,40.393800020217896,0,0,42.04845309257507,0,0,43.66391110420227,0,0,45.960047006607056,0,0,47.966712951660156,0,0,50.28220796585083,0,0,52.081844329833984,0,0,55.19173574447632,0,0,59.13852500915527,0,0,61.27398085594177,0,0,63.177212953567505,0,0,66.25600099563599,0,0,70.4503448009491,0,0,73.47052502632141,0,0,77.27694606781006,0,0,81.49654293060303,0,0,85.38634490966797,0,0,89.21369910240173,0,0,92.23730087280273,0,0,95.80804991722107,0,0,98.29553508758545,0,0,102.34136509895325,0,0,105.87485694885254,0,0,110.14319014549255,0,0,112.67305493354797,0,0,114.33568787574768,0,0,116.2169451713562,0,0,118.00973415374756,0,0,121.65108323097229,0,0,124.11304330825806,0,0,127.78062605857849,0,0,129.9067099094391,0,0,133.40693402290344,0,0,136.63107895851135,0,0,140.42156171798706,0,0,143.8681447505951,0,0,147.49063968658447,0,0,150.2030951976776,0,0,152.92207217216492,0,0,156.39034795761108,0,0,160.19298577308655,0,0,161.50964188575745,0,0,162.75962495803833,0,0,166.1001422405243,0,0,167.30079412460327,0,0,170.2967610359192,0,0,172.13212513923645,0,0,173.58187413215637,0,0,175.2950792312622,0,0,177.37843489646912,0,0
